HOTEL NAME,STATE,PHONE,FAX,EMAIL ID,WEBSITE,TYPE,Rooms,ADDRESS
The Oberoi Cecil,HIMACHAL PRADESH,0177-2804848,0177-2811024,reservations@oberoigroup.com,www.oberoihotels.com,Heritage Grand,75,"""Ambedkar ChowkChaura Maidan, Shimla - 171004, HIMACHAL PRADESH"""
The Lalit Grand Palace,JAMMU AND KASHMIR,1942501001,1942501003,srinagar@thelalit.com,NA,Heritage Grand,112,"""Gupkar Road, Srinagar, JAMMU AND KASHMIR"""
Hotel Fateh Prakash Palace,RAJASTHAN,0294-2528016-9,0294-2528006,mgrfpp@udaipur.hrhindia.com,www.hrhindia.com,Heritage Grand,30,"""The City Palace Complex, Udaipur - 313001, RAJASTHAN"""
Shiv Niwas Palace,RAJASTHAN,2942528016,2942528006,maltidutta50@yahoo.com,NA,Heritage Grand,36,"""The City Palace ComplexUdaipur, Udaipur, RAJASTHAN"""
Savoy Hotel ,TAMIL NADU,423244142,423443318,savoy.ooty@tajhotels.com,NA,Heritage Grand,40,"""77, Sylks Road, Ootacamund, TAMIL NADU"""
Raheem Residency,KERALA,0477-2230767,0477-2239767,contact@raheemresidency.com,www.raheemresidency.com,Heritage Classic,10,"""20/1100Beach Road, Alleppey West - 688 012, KERALA"""
Noor Us Sabah Palace,MADHYA PRADESH,0755-4223333/4239996,0755-4227777,contact@noorussabahpalace.com/reservations@nusp.in,www.noorussabahpalace.com,Heritage Classic,57,"""V.I.P.RoadKoh-E-Fiza, Bhopal - 462001, MADHYA PRADESH"""
The Panjim Inn ,GOA,4564277301,4565273111,visalam@cghearth.com,www.cghearth.com,Heritage Basic,15,"""31-ST JANUARY ROAD, FONTAINHAS, PANAJI, Panaji , GOA"""
Balaram Palace Resort,GUJARAT,"07926575286, 2657638",7926578412,balarampalaceresort@gmail.com,NA,Heritage Basic,22,"""Chitrassani Village,off Abu Palanpur Highway No.14 Banaskantha, BANASKANTHA, GUJARAT"""
Nilambag Palace Hotel,GUJARAT,"02782424241, 2429323",2782428072,reservation@nilambagpalace.com,NA,Heritage Basic,28,"""Bhavnagar, Bhavnagar, GUJARAT"""
The Fort Ramgarh,HARYANA,"01733253072-75, 9814",NA,thefortramgarh@gmail.com,NA,Heritage Basic,12,"""Ramgarh, Panchkula On NH - 73 Delhi Shimla Highway, Near Chandigarh, Panchkula Distt., HARYANA"""
The Judges Court,HIMACHAL PRADESH,01970-245035/245335,01970-245823,eries@vsnl.com/info@judgescourt.com,www.judgescourt.com,Heritage Basic,10,"""Heritage VillageParagpur, Distt. - Kangra - 177107, HIMACHAL PRADESH"""
The Palace,HIMACHAL PRADESH,1772652704,1772652206,maltidutta50@yahoo.com,NA,Heritage Basic,31,"""Chail, Solan,HIMACHAL PRADESH"""
The Castle Naggar,HIMACHAL PRADESH,1902248316,1902223429,castle@hptddc.in/kullu@hptdc.in,wwwhptdc.nic.in,Heritage Basic,17,"""Naggar, Distt. Kullu - 175130, HIMACHAL PRADESH"""
Hotel Cherthala House,KERALA,0475-2223688,,housecherthala@hotmail.com,NA,Heritage Basic,5,"""Court JunctionEast of P.M.C. - 5, cherthala - 688 524, KERALA"""
Heritaga Methanam,KERALA,4842248284,4842248284,heritagemethanam@gmail.com/info@heritagemethanam.com,www.heritagemethanam.com,Heritage Basic,7,"""K P XI / 298Near Perumpadappu, Kumbalanghi Bridge, Kumbalanghi P.O., Kochi - 682 007, KERALA"""
Old Lighthouse Bristow Hotel ,KERALA,4843050102,NA,reservations@oldlighthousehotel.com,NA,Heritage Basic,11,"""Beach Road Next to SBI Training Center Fort Kochi , Cochin , KERALA"""
Hotel Le Colonial ,KERALA,4842217181,4842217184,lecolonial@dataone.in,NA,Heritage Basic,8,"""1/215, Church Road, Vasco-da-Gama Square, Fort Cochin , KERALA"""
Kunnathur Mana Ayurveda Heritage,KERALA,"0487 2547552, 254755",4872547554,mail@kmaheritage.com,NA,Heritage Basic,7,"""Door No.VIII/666 Punnayurkulam P.O. Thrissur Dist, Kerala, KERALA"""
Old Harbour Hotel,KERALA,4842218006,NA,raintree@fortcochin.com,NA,Heritage Basic,13,"""No-1/328, Tower Road, Fort Kochi , Kochi , KERALA"""
Coconut Lagoon,KERALA,0481-2524491-2524373,0481-2524495,coconutlagoon@cghearth.com,www.cghearth.com,Heritage Basic,36,"""P.O. Box No. 2Kumarakom, Kottayam - 686563, KERALA"""
Beach Hotel,KERALA,0495-2762055-57,0495-2365363,info@beachheritage.com,www.beachheritage.com,Heritage Basic,6,"""(Beach Heritage Inn (P) Ltd.)Beach Road, Kozhikode - 673032, KERALA"""
Palakkad Heritage Hotels,KERALA,4923252143,4923252144,info@palakkadheritagehotel.com,www.palakkadheritagehotel.com,Heritage Basic,5,"""Koduvayur P.O.Palakkad, Dist., KERALA """
Somatheeram Ayurvedic Beach Resort (P) Ltd.,KERALA,0471-2268101,0471-2267600,mail@somatheeram.in,www.somatheeram.in,Heritage Basic,42,"""P.O. ChowaraVia Balaramapuram, Thiruvananthapuram - 695501, KERALA"""
The Hillway Heritage,KERALA,4702673555,NA,mail@hillwayhotels.com,www.hillwayhotels.com,Heritage Basic,6,"""Opp. Police Station, State Highway - 1Kilimanoor P.O., Thiruvananthapuram - 695601, KERALA"""
Ahilya Fort ,MADHYA PRADESH,7283273329,NA,info@ahilyafort.com,www.ahilyafort.com,Heritage Basic,15,"""Ahilya Fort, Maheshwar, W Nimar , Bhopal , MADHYA PRADESH"""
Hotel Rock End Manor ,MADHYA PRADESH,7552774340,7552779476,info@mptourism.com,www.mptourism.com,Heritage Basic,6,"""Pachmarhi Distt. ,HOSHANGABAD , MADHYA PRADESH"""
Satpura Retreat,MADHYA PRADESH,07578-252097,NA,satpura@mptourism.com,www.mptourism.com,Heritage Basic,6,"""Pachmarhi, Dist. Hosangabad, MADHYA PRADESH"""
Hotel Sheesh Mahal ,MADHYA PRADESH,7552774340,7552779476,info@mptourism.com,www.mptourism.com,Heritage Basic,8,"""MPSTDC, Orchha, Tikamgarh Dist. , MADHYA PRADESH"""
Jehan Numa Palace Hotel ,MADHYA PRADESH,755661100,755661720,NA,www.hoteljehanumapalace.com,Heritage Basic,98,"""157, SHAMLA HILL(M.P) , Bhopal , MADHYA PRADESH"""
LE DUPLEIX ,PONDICHERRY,4132666001,4132334258,gmldp@sarovarhotels.com,NA,Heritage Basic,21,"""(unit of auberge Heritage Hotels) 5, CASERNE STREET , Pondicherry, PONDICHERRY"""
Calve,,0413-2224103-2223738,413-2222613,whclve@gmail.com/calve@vsnl.net,www.calve.in,Heritage Basic,11,"""A Heritage HotelOld No. 36, New No. 44, Vysial Street, Puducherry - 605 001, PUDUCHERRY"""
"Welcome Heritage, Khimsar Fort",RAJASTHAN ,1585262345,1585262228,reservation@khimsar.com,NA,Heritage Basic,67,"""Khimsar, RAJASTHAN """
The Bagh ,RAJASTHAN ,1733253072,1733253072,contact@thefortramgarh.com,NA,Heritage Basic,29,"""Agra Achnara Road Pucca Bagh Bharatpur, Bharatpur, RAJASTHAN """
Gajner Palace,RAJASTHAN,01534-275061-9,01534-275060,egmnr@gajner.hrhindia.com,www.hrhindia.com,Heritage Basic,45,"""P.O. GajnerTehsil : Kolayat, Bikaner - 334001, RAJASTHAN"""
The Laxmi Niwas Palace ,RAJASTHAN,8322226523,8322435220,panjimin@bsnl.in,NA,Heritage Basic,24,"""(A Unit of Golden Triangle Fort and Palace Pvt. Ltd.) Dr. Karni Singhji Road ,Bikaner ,RAJASTHAN"""
Chomu Palace,RAJASTHAN ,01423-300400,01423-300400,gm@chomupalacehotel.com/info@chomupalacehotel.com,www.chomupalacehotel.com,Heritage Basic,58,"""Near Main ChomuBus Stand, Chomu - 303702, RAJASTHAN"""
Bissau Palace ,RAJASTHAN ,1412304371,1412304628,bissau@sancharnet.in,www.bissaupalace.com,Heritage Basic,50,"""Outside Chandpole Gate , Jaipur, RAJASTHAN"""
Deogarh Resorts,RAJASTHAN ,02904-252777,02904-252555,deogarh@datainfosys.net,www.deogarhmahal.com,Heritage Basic,45,"""Deogarh MahalP.O. Deogarh Madariya, Distt. Rajsamand - 313331, RAJASTHAN"""
Shikarbadi Hotel,RAJASTHAN ,0294-2583200/04,0294-2584841,shikarbadi@hrhhotels.com,www.hrhhotels.com,Heritage Basic,25,"""Goverdhan Vilas, Udaipur - 313001, RAJASTHAN"""
Welcom Heritage - Koolwal Kothi,RAJASTHAN ,01594-225817,01594-225818,indralokhotels@hotmail.com/holidays@welcomheritagehotels.com,www.welcomheritagehotels.com,Heritage Basic,10,"""House No. 40,Near Government Hospital RoadNawal Garh District, Jhunjhunu, RAJASTHAN"""
Ajit Bhawan,RAJASTHAN ,"0291-2513333, 251141",0291-2510674,reservations@ajitbhawan.com,www.ajitbhawan.com,Heritage Basic,70,"""Near Circuit House, Jodhpur - 342 006, RAJASTHAN"""
Hotel Samode Palace,RAJASTHAN,01423-240014,01423-240023,reservations@samode.com,www.samode.com,Heritage Basic,43,"""Village Samode, Dist. Jaipur - 303806, RAJASTHAN"""
Raj Niwas Palace,RAJASTHAN,05642-220216,05642-224888,info@dholpurpalace.com,www.dholpurpalace.com,Heritage Basic,20,"""National Highway-3, Dholpur - 328 001, RAJASTHAN"""
Hotel Castle Mandawa Pvt.Ltd.,RAJASTHAN,0141-2371194/2374112,0141-2372084,reservation@castlemandawa.com/castle@datainfosys.net,www.castlemandawa.com,Heritage Basic,70,"""MandawaJhunjhunu District, Shekhawati - 333704, RAJASTHAN"""
Rohet Garh,RAJASTHAN,2936268231,2912649368,rohethouse@dataone.in,NA,Heritage Basic,34,"""Village P.O RohetDistt. Pali, Rajasthan, RAJASTHAN"""
Lake Pichola Hotel,RAJASTHAN,2942431197,9242430575,maltidutta50@yahoo.com,NA,Heritage Basic,32,"""Piplia Haveli, Out Side ChandpoleUdaipur, Rajasthan, Udaipur, RAJASTHAN"""
The Ramgarh Lodge,RAJASTHAN,01426-214027/214097,01426-252079,ramgarh.jaipur@tajhotels.com,NA,Heritage Basic,14,"""Ramgarh LakeJamwa Ramgarh, Jaipur - 303109, RAJASTHAN"""
Hotel Indra Villas ,RAJASTHAN,1595275567,1595275567,info@indravilasalsisar.com,NA,Heritage Basic,43,"""A unit of Desert Heritage Resorts Pvt. Ltd. Ward No.2, Village Alsisar , JHUNJHUNU , RAJASTHAN"""
Singhasan Haveli,RAJASTHAN,1126124069,1126124073,info@singhasanhaveli.com,NA,Heritage Basic,26,"""Goenka Chowk, Mandawa,Dist., JHUNJHUNU, RAJASTHAN"""
Fort Khejarla,RAJASTHAN,02930-258485 - 25848,02930-258485,khejarlafort@gmail.com,www.jodhpurforkhejarla.com,Heritage Basic,38,"""(Aunit of Bhandari Heritage Pvt. Ltd.)Village Khejarla, Via Bilara, Distt. Jodhpur - 342601, RAJASTHAN"""
Sardargarh Heritage Hotel ,RAJASTHAN,1592223137,1592223137,hotelmandawa@yahoo.co.in,NA,Heritage Basic,24,"""Sardargarh Fort, Village-Lawa Sardargarh Sardargarh, Dist:-Rajsamand , Rajsamand , RAJASTHAN"""
The Sawai Madhopur Lodge,RAJASTHAN,07462-220541,07462-220718,vivanta.sawaimadhopur@tajhotels.com,NA,Heritage Basic,36,"""Ranthambore National Park Road, Sawai Madhopur - 302 005, RAJASTHAN"""
Karni Bhawan Palace ,RAJASTHAN,1512524701,1512522408,karnihotels@satam.net.in,NA,Heritage Basic,12,"""Gandhi Colony Bikaner ,Bikaner ,RAJASTHAN"""
Norkhill Hotel ,SIKKIM,3592205637,3592205639,norkhill@elginhotels.com,www.elginhotels.com,Heritage Basic,25,"""Stadium Road, Gangtok , SIKKIM"""
Visalam,TAMIL NADU,"04565277301, 2",4565273111,visalam@cghearth.com,NA,Heritage Basic,15,"""7/1/143 LOCAL FUND ROAD, KANADUKATHAN KARAIKUDI, TAMIL NADU, KARAIKUDI, TAMIL NADU"""
Hotel Fairhavens Holiday Home,UTTARAKHAND,5942236057,5942236604,fairhavens@rediffmail.com,NA,Heritage Basic,30,"""Adacent to Head Post Office Mallital, Nainital, UTTARAKHAND"""
The Naini Retreat,UTTARAKHAND,05942-235105,05942-235103,info@leisurehotels.co.in/bookings@leisurehotels.in,NA,Heritage Basic,32,"""Ayarapatta Sloppes, Nainital - 263001, UTTARAKHAND"""
The Elgin Hotel,WEST BENGAL,3542257226,3542254267,reservation@elginhotels.com,NA,Heritage Basic,20,"""18, H.D. Lama Road, P.O. Darjeeling, WEST BENGAL"""
Taj Falaknuma Palace ,ANDHRA PRADESH,4066298585,4066298586,falaknuma.hyderabad@tajhotels.com,NA,5 Star Deluxe,60,"""Engine Bowli, Falaknuma , Hyderabad, ANDHRA PRADESH"""
ITC HOTEL KAKATIYA,ANDHRA PRADESH,402340032,4023401045,itckakatiya@itchotel.in,NA,5 Star Deluxe,188,"""6-3-1187,BEGUMPETnull, Hyderabad, ANDHRA PRADESH"""
Eros Hotel Managed by Hilton,DELHI,011-41223344,011-26224288,nehruplace.reservations@hilton.com,www3.hilton.com,5 Star Deluxe,216,"""S-1American Plaza, International Trade Tower, Nehru Place, New Delhi - 110 019, DELHI"""
The Ashok,DELHI,011-26110101,011-26873216,ashoknd@ndb.vsnl.net.in,www.theashok.com,5 Star Deluxe,550,"""50-BChanakyapuri, New Delhi - 110021, DELHI"""
Hotel Imperial,DELHI,011-23341234,011-23342255,luxury@theimperialindia.com,www.theimperialindia.com,5 Star Deluxe,233,"""Janpath, New Delhi - 110001, DELHI"""
Hyatt Regency Delhi,DELHI,011-26791234,011-26791017,delhi.regency@hyatt.com,NA,5 Star Deluxe,508,"""Bhikaji Cama Place, New Delhi - 110066, DELHI"""
ITC-The Maurya,DELHI,011-26112233,011-26113333,reservations.itcmaurya@itchotels.in,NA,5 Star Deluxe,440,"""ITC LimitedDiplomatic Enclave, New Delhi - 110021, DELHI"""
Le Meridien Hotel,DELHI,1123710101,1123714545,info@lemeridien-newdelhi.com,NA,5 Star Deluxe,358,"""8, Windsor Place Janpath, New Delhinull, New Delhi, DELHI"""
Taj Palace Hotel ,DELHI,1126110202,1126110808,palace.delhi@tajhotels.com,NA,5 Star Deluxe,409,"""Sardar Patel Marg , New Delhi ,DELHI"""
The Lalit,DELHI,011-44447777,011-44441234,newdelhi@thelalit.com,NA,5 Star Deluxe,457,"""Barakhamba AvenueConnaught Place,New Delhi - 110001, DELHI"""
The Oberoi -  New Delhi,DELHI,011-24363030,011-24360484,reservations@oberoigroup.com,NA,5 Star Deluxe,283,"""Dr. Zakir Hussain Marg, New Delhi - 110003,DELHI"""
"Aman, New Delhi",DELHI,1143633333,1143633335,amannewdelhi@amanresorts.com,NA,5 Star Deluxe,68,"""Lodhi Road, New Delhi - 110003, DELHI"""
The Hotel Leela Palace Kempinski,DELHI,"011-39331234, 1126779090",011-39331235,reservations.newdelhi@theleela.com,NA,5 Star Deluxe,260,"""Diplomatic Enclave, New Delhi - 110023,DELHI, National Highway No. 8, New Delhi-110037, DELHI"""
Riviera De Goa Resort,GOA,0832-6655666,0832-2277503,mail@rivieradegoaresorts.com,NA,5 Star Deluxe,104,"""Shimer VaddoXimer, Arpora - 403 518, GOA"""
Vivanta by Taj - Panaji,GOA,0832-6633636,0832-6633600,vivanta.panaji@tajhotels.com,NA,5 Star Deluxe,172,"""Off. D.B. Bandodkar RoadSt. Inez, Panaji - 403001, GOA"""
Vivanta by Taj - Holiday,GOA,0832-6645858,0832-6645502,vivanta.holidayvillage@tajhotels.com,www.vivantabytaj.com,5 Star Deluxe,142,"""(Earlier known as The Taj Holiday Village)Dando, Candolim, Bardez - 403 515, GOA"""
Bell Tower Resorts Pvt.Ltd. ,GOA,8322772996,8322772996,NA,NA,5 Star Deluxe,106,"""Bell Tower Resorts Pvt.Ltd. (Retreat by Zuri) Pedda, Uttor Doxi, Varca Salcatte-Goa-403721 , Salcete , GOA"""
Hotel Ramada Caravela Beach Resort,GOA,0832-6695000,0832-6695699,caravela.gr@advanihotels.com/reservations.gr@advanihotels.com,www.caravelabeachresort.com,5 Star Deluxe,200,"""Varca Beach, Salcete - 403721, GOA"""
Vivanta By Taj- Fort Aguada,GOA,0832-6645858,0832-6645868,vivanta.fortaguada@tajhotels.com,www.vivantabytaj.com,5 Star Deluxe,145,"""Sinquerim, Bardez - 403519, GOA """
Th Lalit Golf & Spa Resort Goa,GOA,8322667777,8322667711,goaresv@thelalit.com,NA,5 Star Deluxe,225,"""(Bharat Hotels Ltd.)Raj Baga,Canacona, GOA"""
Resort Rio,GOA,8322267300,8322267301,gm@resortrio.com,NA,5 Star Deluxe,82,"""Resort Rio, Tambudki,Arpora, Bardez, GOA"""
Hotel Cidade de Goa,GOA,8322454545,08322454541/42,cidadedegoa@cidadedegoa.com,www.cidadedegoa.com,5 Star Deluxe,205,"""(Unit of Fomento Resorts & Hotels Ltd.), Vainguinim Beach - 403004, GOA"""
Majorda Beach Resort,GOA,0832-288111/6681111,0832-2881121/2881124,acc@majordabeachresortgoa.com,www.majordabeachresort.com,5 Star Deluxe,120,"""MajordaSalcette, Goa - 403713, GOA"""
"The Leela Kempinski, Goa",GOA,8326621234,8322871352,reservations.goa@theleela.com,www.theleela.com,5 Star Deluxe,186,"""MoborCavelossim, Salcette - 403731, GOA"""
Hotel Trident - Gurgaon,HARYANA,0124-2450505,0124-2450606,reservations@tridenthotels.com,NA,5 Star Deluxe,136,"""Plot No. 443, Udyog ViharPhase - V, Gurgaon - 122016, HARYANA"""
The Leela Kempinski -  Gurgaon,HARYANA,1244771234,1244771235,reservations.gurgaon-delhi@theleela.com,NA,5 Star Deluxe,412,"""(Ambience Hotels & Resorts Ltd.) Village Nathupur, N.H.-8 Gurgaon, Gurgaon, HARYANA"""
The Bristol Hotel,HARYANA,0124-2356030,0124-2357834,contact@thebristolhotel.com,www.thebristolhotel.com,5 Star Deluxe,84,"""Adjacent to DLFQutab Enclave Phase - 1, Gurgaon - 122002, HARYANA"""
Wildflower Hall,HIMACHAL PRADESH,0177-2648585,0177-2648686,reservations@oberoigroup.com,www.oberoihotels.com,5 Star Deluxe,85,"""(Mashobara Resort Limited, A Unit of EIH Limited)Chharabra, Shimla - 171 012, HIMACHAL PRADESH"""
Vivanta by Taj -  Whitefield,KARNATAKA,080-66933333,080-66933344,vivanta.whitefield@tajhotels.com,NA,5 Star Deluxe,199,"""ITBP Whitefield, Bangalore - 560066, KARNATAKA"""
Hotel Golden Palms Hotel & Spa,KARNATAKA,8023712222,8023710022,info@goldenpalmshotel.com,NA,5 Star Deluxe,170,"""NO-31 & 32 GOLDEN PALMS AVENUE OFF TUMKUR ROAD BANGALORE,  KARNATAKA"""
ITC Hotel Windsor & Towers ,KARNATAKA,802269898,802264941,www.welcomgroup.com,NA,5 Star Deluxe,240,"""WINDSOR SQUARE, 25 GOLF COURES ROAD, Bangalore , KARNATAKA"""
The Taj West End,KARNATAKA,8066605660,8066605700,westend.bengalore@tajhotels.com,NA,5 Star Deluxe,117,"""Race Course Road Bangalore, KARNATAKA"""
Sheraton Banglore at Brigade Gateway,KARNATAKA,918041379200,918022210748,diwaker.tyagi@shraton.com,www.brigadegroup.com,5 Star Deluxe,230,"""26/1, Rajajinagar ExtensionDr. Rajkumar Road, Malleswaram West, Bangalore, KARNATAKA"""
The Oberoi Bangalore,KARNATAKA,918025585858,918025585960,reservations@oberoiblr.com,NA,5 Star Deluxe,160,"""39 Mahatma Gandhi RoadBanglore-560001, Bangalore, KARNATAKA"""
Vivanta by Taj -  Bangalore,KARNATAKA,0806660 4444,0806661 4444,vivanta.mgroad@tajhotels.com,www.vivantabytaj.com,5 Star Deluxe,167,"""41/3M.G. Road, Bangalore - 560001, KARNATAKA"""
Park Plaza,KARNATAKA,42197330,8042452346,sonusarmag@gmail.com,NA,5 Star Deluxe,218,"""NO. 5 Defence Colony,1st main, Indirangar, KARNATAKA"""
Dream Hotel Cochin,KERALA,4844129999,4844129898,reservations@dreamcochin.com,NA,5 Star Deluxe,150,"""37/985, C&D, Sahodaran Ayyappan Road Elamkulam Jnction, Kadavanthara cochin-682020, Cochin, KERALA"""
Vivanta by Taj - Bekal ,KERALA,4672265656,4672265655,tkhanna99@gmail.com,NA,5 Star Deluxe,73,"""A Unit of Khanna Hotels PVt. LTd. BRDC Site No. 5, Kappil Beach P.O. Udma West Kasaragod - 671319, Kasaragod , KERALA"""
The Lalit Resorts & Spa Bekal,KERALA,4672237777,4672237575,resvbekal@thelalit.com,NA,5 Star Deluxe,39,"""Bevoori, Udma, Taluka: Hosedurgh Distt: Kasargod Kerala, Kasaragod , KERALA"""
Vivanta By Taj - Kovalam,KERALA,0471-6613000,0471-2487744,Vivanta.kovalam@tajhotels.com,www.vivantabytaj.com,5 Star Deluxe,59,"""(Formerly known as Taj Green Cove Kovalam)G V Raja Vattappara Road, Kovalam, Thiruvananthapuram - 695 527, KERALA"""
Vivanta by - Taj Malabar ,KERALA,4846643000,4846643182,malabar.cochin@tajhotels.com,NA,5 Star Deluxe,96,"""Willingdon Island , Cochin , KERALA"""
The Raviz Kollam,KERALA,4742751111,4742741111,info@theraviz.com,www.theraviz.com,5 Star Deluxe,93,"""Kollam Royal Park Hotel And Resorts P LtdMathilil, Kollam, KERALA"""
Kovalam Resort Private Limited,KERALA,4713051234,4712481043,reservations.kovalam@theleela.com,NA,5 Star Deluxe,127,"""The Leela Kovalam,Kerala, Thiruvananthapuram, KERALA"""
The Grand Temple View ,MADHYA PRADESH,786272333,786272123,khajraho@thegrandhotels.net,NA,5 Star Deluxe,47,"""Opp. Circuit House , Khajuraho , MADHYA PRADESH"""
Hotel Chandela,MADHYA PRADESH,"07686-272355, 272364","07686-272365, 272366",chandela.khajuraho@tajhotels.com,NA,5 Star Deluxe,90,"""Airport RoadDist. Chhatarpur, Khajuraho - 471606, MADHYA PRADESH"""
Chalet Hotel,MAHARASHTRA,2227817777,2227817979,reservations@fourpointsvashi.com,NA,5 Star Deluxe,118,"""Plot no.39/1 6 to 15 Sector 30 AVashi Navi Mumbai, Mumbai, MAHARASHTRA"""
Four Seasons Hotel,MAHARASHTRA,2266627770,2266627437,reservations.mumbai@fourseasons.com,NA,5 Star Deluxe,202,"""(Unit of Mogus Estates & Hotels Ltd.) Plot NO.114,Dr.E.Moses Road Worli, Mumbai, MAHARASHTRA"""
HOTEL SAHARA STAR ,MAHARASHTRA,2239895000,2239895001,www.saharastar.com,NA,5 Star Deluxe,210,"""DOMESTIC AIRPORT, VILE PARLE (E), MUMBAI , MAHARASHTRA"""
Hyatt Regency Mumbai,MAHARASHTRA,022-66961234,022-66961235,mumbai.regency@hyatt.com,www.mumbai.regency.hyatt.com,5 Star Deluxe,401,"""Sahar Airport RoadAndheri (East), Mumbai - 400 099, MAHARASHTRA"""
Le Royal Meridien ,MAHARASHTRA,2228380000,2228204399,lmmumbai@vsnl.com,NA,5 Star Deluxe,171,"""SAHAR AIRPORT ROAD ANDHERI (E) , Mumbai , MAHARASHTRA"""
Sun-n-Sand Hotels Pvt. Ltd.,MAHARASHTRA,022-26201811-6693888,022-26202170,reservations@sunnsandhotel.com,www.sunnsandhotel.com,5 Star Deluxe,120,"""39Juhu Beach, Mumbai - 400 049, MAHARASHTRA"""
The Taj Mahal Palace & Tower ,MAHARASHTRA,2266653366,2266650300,tmhbc.bom@tajhotels.com,www.tajhotels.com,5 Star Deluxe,565,"""Apollo Bunder , Mumbai , MAHARASHTRA"""
Hotel Le Meridien,MAHARASHTRA,2026050505,2026050506,lmpune@lemeridien-pune.com,www.lemeridien-pune.com,5 Star Deluxe,117,"""R.B.M. Road, Pune - 411001, MAHARASHTRA"""
Hotel ITC Grand Central,MAHARASHTRA,2224101010,2224101111,itcgrandcentral@itchotels.in,NA,5 Star Deluxe,242,"""287, Babasaheb Ambedkar RoadParel,Mumbai-400012, MAHARASHTRA"""
The Leela Kempinski,MAHARASHTRA,022-66911234,022-66911212,reservations.mumbai@theleela.com,www.theleela.com,5 Star Deluxe,393,"""Sahar, Mumbai - 400 059, MAHARASHTRA"""
"The Oberoi, Mumbai",MAHARASHTRA,022-66325757-6632434,022-66324142,reservations@oberoigroup.com,www.oberoihotels.com,5 Star Deluxe,287,"""Nariman Point, Mumbai - 400021, MAHARASHTRA"""
The Westin Mumbai Garden City ,MAHARASHTRA,2261470000,2261470101,mumbaigardencity@westin.com,NA,5 Star Deluxe,269,"""Oberoi Garden City, International Business Park, Off Western Express Highway, Goregaon (East) , Mumbai , MAHARASHTRA"""
"Fariyas Resort, Lonavla",MAHARASHTRA,02114-273852-55,02114-272080,fhrl@fariyas.com,www.fariyas.com,5 Star Deluxe,105,"""Frichley HillsTungarli, Lonavla - 410401, MAHARASHTRA"""
"Trident, Nariman Point",MAHARASHTRA,022-66324343,022-66325000,reservations@tridenthotels.com,www.tridenthotels.com,5 Star Deluxe,550,"""Nariman Point, Mumbai - 400 021, MAHARASHTRA"""
Taj Lands End,MAHARASHTRA,022-66681234,022-66680957 - 66994,landsend.mumbai@tajhotels.com,www.tajhotels.com,5 Star Deluxe,493,"""B.J. RoadBand Stand, Bandra (West), Mumbai - 400050, MAHARASHTRA"""
Trident -  Bhubaneswar ,ORISSA,6742301010,6742301302,reservations@tridenthotels.com,NA,5 Star Deluxe,62,"""CB - 1 Nayapalli, Bhubaneshwar , ORISSA"""
Hotel Mayfair Lagoon,ORISSA,91 674 6660101,91 674 2360236,lagoon@mayfairhotels.com,www.mayfairhotels.com,5 Star Deluxe,102,"""8-BJaydev Vihar, Bhubaneswar, ORISSA"""
ISTA Amritsar,PUNJAB,0183-2708888,"0183-2700186, 270999",sales@istaamritsar.com/reservations.amritsar@istahotels.com,www.istahotels.com,5 Star Deluxe,248,"""G.T. Road(Adjoining Alpha One City Centre), Amritsar - 143 001, PUNJAB"""
Sheraton Rajputana Hotel,RAJASTHAN,1415100100,1415102102,reservations.itcrajputana@itchotels.in,sheratonrajputana@itcwelcomgroup.in,5 Star Deluxe,218,"""Palace Road, Jaipur-302006, RAJASTHAN"""
The Oberoi Rajvilas,RAJASTHAN,1412680101,1412680202,reservations@oberoigroup.com,www.oberoihotels.com,5 Star Deluxe,71,"""Goner Road, Jaipur - 303012, RAJASTHAN"""
The Oberoi Udaivilas ,RAJASTHAN,2942433300,2942433200,reservations@oberoigroup.com,NA,5 Star Deluxe,87,"""Haridas Ji Ki Magri , Udaipur , RAJASTHAN"""
Country Inn & Suites By Carlson,RAJASTHAN,2222686,2222193,mail@goyalfashions.net,NA,5 Star Deluxe,100,"""Country Inn & Suites By Carlson (A unit of Shivani Enclaves Pvt.,Khasa Kothi Circle M.I.Road, Jaipur, RAJASTHAN"""
The Leela Palace Kempinski,RAJASTHAN,0294-6701234,0294-6701212,businesscentre@theleela.com,www.theleela.com,5 Star Deluxe,80,"""P.O. Box No. 125Lake Pichola, Udaipur - 313 001, RAJASTHAN"""
JAI MAHAL PALACE HOTEL,RAJASTHAN,1416601111,1416601057,jaimahal.jaipur@tajhotels.com,tajhotels.com,5 Star Deluxe,100,"""JACOB ROAD,CIVIL LINES, Jaipur, RAJASTHAN"""
Mayfair Spa & Resort,SIKKIM,0359-2250555/666,0359-2251009,gangtok@mayfairhotels.com,NA,5 Star Deluxe,63,"""(Unit of Mayfair Hotels & Resorts (Sikkim) Pvt. Ltd.)Lower Samdur Block, Ranipool - 737135, Gangtok, SIKKIM"""
Taj Mount Road,TAMIL NADU,044-66313131,044-66313030,clubhouse.chennai@tajhotels.com/mountroad.chennai@tajhotels.com,NA,5 Star Deluxe,220,"""No. 2Club House Road, Chennai - 600 002, TAMIL NADU"""
THE PARK ,TAMIL NADU,4452144000,4452144100,tpch@theparkhotels.com,NA,5 Star Deluxe,214,"""UNIT :APEEJAY -SURRENDRA PARK HOTELS LTD 601, ANNA SALAI , Chennai, TAMIL NADU """
Vivanta by Taj - Fishermans Cove,TAMIL NADU,044-67413333,044-67413330,vivanta.fishcove@tajhotels.com,www.vivantabytaj.com,5 Star Deluxe,88,"""Covelong Beach, Kanchipuram Dist. - 603112, TAMIL NADU"""
Taj Coromandel,TAMIL NADU,044-66002827,044-66002089,coromandel.chennai@tajhotels.com,www.tajhotels.com,5 Star Deluxe,205,"""37Mahatma Gandhi Salai, Nungambakkam, Chennai - 600 034, TAMIL NADU"""
Le Royal Meridien Chennai,TAMIL NADU,"044-22314343, 435345",044-22314344,reservation@leroyalmeridien-chennai.com,NA,5 Star Deluxe,240,"""(Owned by Appu Hotels Limited)No. 1, G.S.T. Road, St. Thomas Mount, Chennai - 600 016, TAMIL NADU"""
ITC The Mughal,UTTAR PRADESH,0562-4021700,0562-2331730,reservations.itcmughal@itchotels.in,www.itchotels.in,5 Star Deluxe,233,"""Fatehabad RoadTajganj, Agra - 282 001, UTTAR PRADESH"""
Jaypee Greens Golf & Spa Resort,UTTAR PRADESH,1206743000,1202324720,reservation.jggr@jaypeehotels.com,NA,5 Star Deluxe,170,"""A division of Jaiprakash Associates Ltd. G-Block, Surajpur Kasna Road Gautam Budh Nagar, Greater Noida, UTTAR PRADESH"""
Vivanta by Taj ,UTTAR PRADESH,522671100,522671166,residency.lucknow@tajhotels.com,NA,5 Star Deluxe,110,"""Vipin Khand Gomti Nagar , Lucknow , UTTAR PRADESH"""
Taj Ganges Varanasi,UTTAR PRADESH,0542-2503001/019,0542-2501343,ganges.varanasi@tajhotels.com,www.tajhotels.com,5 Star Deluxe,130,"""Nadesar Palace GraoundsNadesar, Varanasi - 221002, UTTAR PRADESH"""
Radisson Hotel,UTTAR PRADESH,0562-4055555,0562-4055556,reservations@rdagra.in,www.radisson.com,5 Star Deluxe,140,"""Taj East Gate Road, Agra - 282 001, UTTAR PRADESH"""
Radisson MBD Hotel,UTTAR PRADESH,0120-4300000,0120-4303000,reservations@radissonmbd.com,www.radissonblu.com,5 Star Deluxe,126,"""Plot No. L-2Sector - 18, Noida - 201 301, UTTAR PRADESH"""
Holiday Regency,UTTAR PRADESH,591301235,5913012375,info@holidayregency.com,holidayregency.com,5 Star Deluxe,74,"""Holiday Regency (A Unit of Omsons Holiday Inn Pvt. ltd)Om Enclave, (KM, Delhi Road , NH-24, Moradabad, UTTAR PRADESH"""
Jaypee Residency Manor,UTTARAKHAND,1352631800,1352631022,jrm@jaypeehotels.com,NA,5 Star Deluxe,90,"""Barlowganj, Mussoorie, UTTARAKHAND"""
ITC Sonar,WEST BENGAL,033-23004516,033-23004500,reservations.itcsonar@itchotels.in,NA,5 Star Deluxe,239,"""1, JBS Haldane AvenueOpp. Science City, Kolkata-700046, WEST BENGAL"""
Hotel Ista Hyderabad,ANDHRA PRADESH,040-44508888,040-44509999,sales@istahyderabad.com,www.anandaspa.com,5 Star,157,"""Plot No-7, Road No. 2I.T. Park, Nanakramguda, Gachibowali, Hyderabad - 500019, ANDHRA PRADESH"""
Hotel Novotel Hyderabad,ANDHRA PRADESH,4066824422,4066844422,H6182-re@accor.com,NA,5 Star,288,"""Novoel & HIVV Complex, Near Hitech City , P.O Bag No-1101, Cyberabad Post Office, Hyderabad, ANDHRA PRADESH"""
Novotel Hyderabad Airport ,ANDHRA PRADESH,4066250000,4066250001,reservations@novotelhyderabadairport.com,NA,5 Star,305,"""GMR Hyderabad International Airport Ltd., Rajiv Gandhi International Airport Shamshabad, Ranga Reddy Dist , ANDHRA PRADESH"""
The Gateway Hotel ,ANDHRA PRADESH,8916623670,8912569867,gateway.visakhapatnam@tajhotels.com,NA,5 Star,95,"""Beach Road, Visakhapatnam , ANDHRA PRADESH"""
Taj Deccan - Hyderabad,ANDHRA PRADESH,4066662323,4066661313,tdhgm.hyd@tajhotels.com,NA,5 Star,151,"""Road No.1Banjara Hills, Hyderabad - 34, ANDHRA PRADESH"""
Leo Meridian Infrastructure,ANDHRA PRADESH,4066404455,4066627744,info@lmiphl.com,www.lmiphl.com,5 Star,88,"""Bommaraspet (Village)Shamirpet Mandal, Ranga Reddy District, ANDHRA PRADESH"""
Hotel Mountview,CHANDIGARH,1724671111,1722742220,mountview@citcochandigarh.com,NA,5 Star,155,"""Sector 10, Chandigarh, CHANDIGARH"""
Hotel Crowne Plaza Today,DELHI,011-40687700-17,011-41634480,reservations@cpokhla.com,www.crowneplaza.com,5 Star,208,"""Plot No. 1Community Centre, Phase 1, Okhla, New Delhi - 110 020, DELHI"""
Vivanta by Taj Ambassador,DELHI,011-66261000,011-24632252,vivanta.ambassador@tajhotels.com,www.vivantabytaj.com,5 Star,88,"""Sujan Singh ParkCornwallis Road, New Delhi - 110003, DELHI"""
Fortune Select Regina ,GOA,8323988444,,velu@acronindia.com,,5 Star,102,"""376, Off. Fort Aquada Road , Candolim , GOA"""
Bogmallo Beach Resort,GOA,0832-2538222-13,0832-2538236,bbrtwhl@sancharnet.in,www.bogmallobeachresort.com,5 Star,126,"""P.O. Bogmallo, Goa - 403806, GOA"""
DEVAAYA AYURVEDA SPA RESORT ,GOA,83222280500,8322280678,www.alconvictorgroup.com,NA,5 Star,57,"""DIWAR, ILHAS ,GOA , GOA"""
Holiday Inn Resort,GOA,8322871303,8322871333,NA,NA,5 Star,203,"""Mobor Beach Cavelossim Salcete,Goa, GOA"""
The Crown Goa,GOA,8322400000,8322400010,reservations@thecrowngoa.com,NA,5 Star,43,"""(A unit of Vision Enterprises) Bairo Alto Dos Pilotos, Goa, GOA"""
Hotel Neo Majestic,GOA,0832 2410378,0832 2415715,neomajestic@neomajestic.com,www.neomajestic.com,5 Star,50,"""Plot No. 104/1APorvorim, North Goa, GOA"""
The Kenilworth Beach Resort & Spa,GOA,0832-6698888,0832-2754183,kenilworthgoa@kenilworthhotels.com,www.kenilworthhotels.com,5 Star,104,"""Utorda, Salcete - 403 713, GOA"""
Hotel La Calypso Get Aways.,GOA,8322275777,8322275815,reservations@lacalypsohotels.com,www.lacalypsohotels.com,5 Star,14,"""Saunta Vaddo, Baga Calangute Road, Calanguta VPBardez Goa, GOA"""
"The ""O""",GOA,8323047000,8323047009,info@ohotelsindia.com/res.goa@ohotelsindia.com,NA,5 Star,75,"""S. No. 114/1Next to Kingfisher Villa, Condolim, Bardez - 403515, GOA"""
Sun-n-Sand Hotel,GOA,8322400000,8322400010,resgoa@sunnsandhotel.com,NA,5 Star,43,"""Bairo Alto Dos PilotosJose Falcao Road, Panjim, GOA"""
The Imperial Palace ,GUJARAT,2812480000,2812480009,mail@hotelimperialpalace.biz,NA,5 Star,80,"""Dr Yagnik Road , Rajkot , GUJARAT"""
Le Meridien,GUJARAT,7925505505,7925505501,gmoffice.ahmedabad@lemeridien.com,NA,5 Star,63,"""C/o. Associated Hotels Pvt. Ltd. Chand Suraj Estate Near Nehru Bridge, Khanpur, Ahmedabad, GUJARAT"""
The Gateway Hotel Ummed,GUJARAT,079-66661234,079-66664444,gateway.ahmedabad@tajhotels.com,www.thegatewayhotels.com,5 Star,91,"""International Airport CircleNext to Army Cantonment, Hansol, Ahmedabad - 382 475, GUJARAT"""
The Galaxy Hotel,HARYANA,0124-4565000,0124-4565151,info@galaxyhotel.in,www.galaxyhotel.in,5 Star,80,"""NH-8Sector-15, Part-II, Gurgaon - 122001, HARYANA"""
THE CHANCERY PAVILION,KARNATAKA,8041414141,8041414242,gm@chanceryhotels.com,NA,5 Star,170,"""ELIXIR ENTERPRISES & HOTELS PVT LTD., NO-135, RESIDENCY ROAD, BANGALORE, KARNATAKA"""
The Zuri - Whitefield,KARNATAKA,8066657272,8066657282,reservations@zuribangalore.com,www.thezurihotels.com,5 Star,162,"""Rajpalya Hoodi - RoadWhitefield, Bengaluru - 560048, KARNATAKA"""
Fortune Park J. P. Palace,KARNATAKA,8213988444,8213984444,rahul.nama@fortunehotels.in,NA,5 Star,108,"""No.-3 Abba RoadNazarabad Mohalla, Mysore, KARNATAKA"""
Hotel Le Meridien - Bangalore,KARNATAKA,080-22262233/2228282,080-22267676/2226205,reservations.bangalore@lemeridien.com/leme.bangalore@lemeridien.com,www.lemeridien-bangalore.com,5 Star,195,"""No. 28, Sankey RoadP.B. No. 174, Bangalore - 560052, KARNATAKA"""
Movenpick Hotel & Spa Bangalore,KARNATAKA,8043001000,8043001010,hotel.bangalore@moevenpick.com,moevenpick-hotel.com,5 Star,262,"""115 Pipeline Road near BEL CircleGokula Extension, Bangalore, KARNATAKA"""
Club Mahindra Lakeview, KERALA,04868-249290-91,04868-249227,gm.munnar@clubmahindra.com,www.clubmahindra.com,5 Star,38,"""Munner, Chinnakanal VillageVia: Suryanelli, Idukki District - 685618, KERALA"""
The Quilon Beach Hotel, KERALA,4742769999,4742749009,crs@qresorts.in,NA,5 Star,95,"""Beach Kollam-691001, Kollam, KERALA"""
The Elephant Court, KERALA,"04869-224696,224697,",04869-224238,info@theelephantcourt.com,www.theelephantcourt.com,5 Star,64,"""Off Kumily - Thekkady RoadThekkady P.O., Kumily - 685 536, Idukki District, KERALA"""
Turtle On The Beach, KERALA,0471-2514000,0471-2514001,info.turtle@thrhotels.com,www.turtleonthebeach.com,5 Star,44,"""VPI/43ITDC Road, Kovalam, Trivandrum - 685 527, KERALA"""
Casino Hotel, KERALA,0484-2668421-2666821,0484-2668001,casinohotel@cghearth.com,www.cghearth.com,5 Star,67,"""Willingdon Island, Cochin - 682 003, KERALA"""
"Trident, Cochin", KERALA,4843081000,4843081002,reservations@tridenthotels.com,www.tridenthotels.com,5 Star,85,"""Bristow RoadWillingdon Island, Cochin - 682003, KERALA"""
The Gateway Hotel -Ernakulam, KERALA,"0484-2371471, 667330","0484-2371481, 667344",gateway.ernakulam@tajhotels.com,www.thegatewayhotels.com,5 Star,108,"""Marine DriveErnakulam, Kochi - 682 011, KERALA"""
Kadavu Resort & Ayurveda Centre, KERALA,"0483-2830023,027,570",0483-2830575,info@kadavuresorts.com,www.kadavuresorts.com,5 Star,72,"""NH-17, Calicut Bye Pass Road, Azhijilam P.O., near Feroke CollegeCalicut - 673632, (A Division of Yenkay complex Pvt. Ltd.), KERALA"""
The Muthoot Plaza Hotel, KERALA,0471-2337733,0471-2337734,gmtmp@sarovarhotels.com,www.sarovarhotels.com,5 Star,57,"""Punnen Road, Thiruvananthapuram - 695039, KERALA"""
Taj Residency - Trivandrum, KERALA,0471-6612345,0471-6612121,taj.trivandrum@tajhotels.com,www.tajhotels.com,5 Star,137,"""T.C. No. 24/1987 (2)C.V. Raman Pillai Road, Thyeaud, Thiruvananthapuram - 695014, KERALA"""
Hotel Ramada -  Khajuraho,MADHYA PRADESH,07686-272302-03,07686-272304,reservations@ramadahotelkhajuraho.com,www.ramadahotelkhajuraho.com,5 Star,82,"""(Owned By Jagdish Shanti Hotel Pvt. Ltd.)Airport Road, Khajuraho - 471606, MADHYA PRADESH"""
Radisson Jass Hotel,MADHYA PRADESH,07686272344/274461,7686272345,reservations@radissionkhajuraho.com,www.radisson.com,5 Star,90,"""By Pass RoadKhajuraho, Dist Chattarpur, MADHYA PRADESH"""
Grand Sarovar Premiere,MAHARASHTRA,0224215 8000/2871 80,0222871 8001,gm@grandsarovar.com/gsp@sarovarhotels.com,www.grandsarovar.com,5 Star,98,"""Junction of Veer Savarkar Flyover &S.V. Road, Goregaon (West)-400062, MAHARASHTRA"""
Hotel Meluha,MAHARASHTRA,2225755555,2225755566,sam@meluhafernhotel.com,NA,5 Star,141,"""Building 7, Sector-V, Central Avenue Hiranandani Gardens Powai, Mumbai, MAHARASHTRA"""
Hotel Tunga Regency Pvt.Ltd. ,MAHARASHTRA,2266801818,2266801800,www.tungahotels.com,NA,5 Star,92,"""PLOT NO-37, SECTOR 30-A, VASHI , NAVI MUMBAI , Mumbai , MAHARASHTRA"""
Ramada Plaza Palm Grove,MAHARASHTRA,022-26112323,022-26113682/2611064,palmgrove@krahejahospitality.com,www.ramadainternational.com,5 Star,115,"""Juhu Beach, Mumbai - 400049, MAHARASHTRA"""
The Shalimar Hotel ,MAHARASHTRA,2266641000,2266641010,theshalimarhotel@vsnl.com,www.theshalimarhotel.com,5 Star,65,"""August Kranti Marg , Mumbai , MAHARASHTRA"""
THE PRIDE HOTEL ,MAHARASHTRA,7122291102,7122290440,PRIDE_NGP@SANCHARNET.COM,WWW.PRIDEGROUP.NET,5 Star,93,"""OPP. AIRPORT WARDHA ROAD , Nagpur , MAHARASHTRA"""
Four Points By Sheraton,MAHARASHTRA,2039406699,2030930930,fo@punefourpoints.com,NA,5 Star,246,"""S.No.197/3, Nagar Road,Viman Nagar, Pune, MAHARASHTRA"""
Taj Blue Diamond,MAHARASHTRA,020-66025555,020-66027755,sandip.mukherjee@tajhotels.com,www.tajhotels.com,5 Star,110,"""11Koregaon Road, Pune - 411001, MAHARASHTRA"""
The O Hotel,MAHARASHTRA,020-40011000,020-40011009,info@ohotelsindia.com,www.ohotelsindia.com,5 Star,111,"""Survey No.371Final Plot No.293, Koregaon, Pune - 411001, MAHARASHTRA"""
Taj Residency - Aurangabad,MAHARASHTRA,2406613737,2406613939,residency.aurangabad@tajhotels.com,NA,5 Star,64,"""8-N-12CIDCO RAUZA BAGH, Aurangabad, MAHARASHTRA"""
Hotel Sea Princess ,MAHARASHTRA,2226611111,2226611144,seaprincess@vsnl.com,NA,5 Star,108,"""969 Juhu Beach , Mumbai , MAHARASHTRA"""
The Gateway Hotel,MAHARASHTRA,2535604499,2535603366,residency.nashik@tajhotels.com,tajhotels.com,5 Star,70,"""P-17, MIDC Ambad MumbaiMumbai - Agra Road, Nashik, MAHARASHTRA"""
Hotel Parc Estique,MAHARASHTRA,2041004100,2041004111,cmd@parcestique.com/info@parcestique.com,www.estiquehotels.com,5 Star,116,"""Viman NagarNagar Road, Pune - 411014, MAHARASHTRA"""
Radisson Windsor Hotel ,PUNJAB,1814671234,815082233,radjal@vsnl.com,NA,5 Star,62,"""Windsor Fountain G.T. Road, Near BMC Chowk , Jalandhar , PUNJAB"""
Majestic Park Plaza ,PUNJAB,1612773000,1612771888,www.fhraI.com,NA,5 Star,117,"""P.O. BOX NO 333 BHAI BALA CHOWK, FEROZEPUR ROAD. , Ludhiana , PUNJAB"""
Hotel Mansingh,RAJASTHAN,"01412378771, 511, 77",1412377582,sales.jpr@mansinghhotels.com,NA,5 Star,95,"""Sansar Chandra Road, Jaipur, RAJASTHAN"""
"Hotel Trident, Jaipur",RAJASTHAN,0141-2670101,0141-2670303,reservations@tridenthotels.com,www.tridenthotels.com,5 Star,134,"""Amber Fort RoadOpp. Jal Mahal, Jaipur, RAJASTHAN"""
Fortune Select Metropolitan - Jaipur,RAJASTHAN,911413099010,911413099099,metropolitan@fortunehotels.in,NA,5 Star,90,"""Fortune Select Metropolitan, Nehru Sahkar Bhawan,C-Scheme, Bias Godam Circle, Jaipur, RAJASTHAN"""
Chokhi Dhani,RAJASTHAN,0141-2770555-56,0141-2770558,resort@chokhidhani.com,www.chokhidhani.com,5 Star,97,"""The Ethntic Village Resort12 Miles, Via Vatika, Tonk Road, Jaipur - 303905, RAJASTHAN"""
Inder Residency,RAJASTHAN,0294-2489888,0294-2488733,seasonshotel@gmail.com,www.inderresidency.in,5 Star,144,"""(A Unit of Seasons Hotels Pvt. Ltd.)Goverdhan Vilas, Shikarbadi Road, Ekling Nagar, Udaipur - 313 001, RAJASTHAN"""
Denzong Regency,SIKKIM,3592201565,35922012568,welcomheritage_denzongregency@hotmail.com,denzongregency.com,5 Star,25,"""Cherry Banks,Development Area, Gangtok, SIKKIM"""
The Gateway Hotel Pasumalai Madurai,TAMIL NADU,0452-6633000,0452-6633081,gateway.madurai@tajhotels.com,www.thegatewayhotels.com,5 Star,63,"""(formerly known as Taj Garden Retreat Madurai)40 T.P.K. Road, Pasumalai, Madurai - 625 004, TAMIL NADU"""
Radisson Hotel GRT,TAMIL NADU,4422310101,4422310202,reservations@radissongrt.com,NA,5 Star,101,"""G S T Road St Thomas Mount Chennai, Chennai, TAMIL NADU"""
Trident - Chennai,TAMIL NADU,044-22344747,044-22346699,reservations@tridenthotels.com,www.tridenthotels.com,5 Star,167,"""1/24, GST RoadMeenambakkam, TAMIL NADU"""
Hotel Clarks Shiraz,UTTAR PRADESH,0562-2226121-27,0562-2226128,info@hotelclarksshiraz.com/resv@hotelclarks.in,www.hotelclarksshiraz.com,5 Star,237,"""54Taj Road, Agra - 282001, UTTAR PRADESH"""
Hotel Trident - Agra,UTTAR PRADESH,5622235000,5622231812,reservations@tridenthotels.com,NA,5 Star,138,"""Fatehabad Road, Agra, UTTAR PRADESH"""
Country Inn & Suites by Carlson.,UTTAR PRADESH,0120-4180000,0120-4180088,info@cissahibabad.in,www.countryinns.com,5 Star,216,"""64/6, Site - IVSahibabad, (Distt. Ghaziabad) - 201 010, UTTAR PRADESH"""
Radisson Hotel Varanasi,UTTAR PRADESH,5422501515,5422501516,reservations@radissonvns.com,NA,5 Star,116,"""The Mall Cantonment, Varanasi Uttar Pradesh, Varanasi, UTTAR PRADESH"""
"The Gateway Hotel, Agra",UTTAR PRADESH,5626602000,5622232420,tajview.agra@tajhotels.com/gateway.agra@tajhotels.com,www.tajhotels.com,5 Star,100,"""Taj GanjFatehabad Road, Agra - 282001, UTTAR PRADESH"""
Hotel Hindusthan International,WEST BENGAL,033-40018000-4001808,033-22800111,reservation@hindusthan.com,www.hhihotels.com,5 Star,184,"""235/1A.J.C. Bose Road, Kolkata - 700020, WEST BENGAL"""
Swissotel Kolkata Neotia Vista,WEST BENGAL,913366266666,,subrata.sarkar@swissotel.com,www.swissotel.com,5 Star,147,"""M/s Swissotel Kolkata Neotia Vista City Center New Town Action Area 2/DPlot No. 11/5 New Town Rajarhat, Kolkata, WEST BENGAL"""
The Golkonda,ANDHRA PRADESH,8246660420,8246660585,gateway.mangalore@tajhotels.com,NA,4 Star,94,"""(A Unit of Golkonda Hospitality Services & REsorts Ltd.) 10-1-124Masab Tank, Hyderabad, ANDHRA PRADESH"""
Palm Beach Hotel,ANDHRA PRADESH,0891-2754026/27,0891-2731036,info@palmbeachhotel.in,www.palmbeachhotel.in,4 Star,44,"""Beach Road, Visakhapatnam - 530 023, ANDHRA PRADESH"""
QUALITY INN DV MANOR,ANDHRA PRADESH,866474455,866483170,info@hoteldvmanor.com,NA,4 Star,115,"""40-1-47, M.G.ROADVENKATESHWARA PURAM, Vijayawada, ANDHRA PRADESH"""
Best Western Amrutha Castle,ANDHRA PRADESH,040-66633888,040-66828222,info@bestwesternamruthacastle.com,www.bestwesternamruthacastle.com,4 Star,90,"""5-9-16, SaifabadOpp. Secretariat, Hyderabad - 500063, ANDHRA PRADESH"""
Hotel Green Park,ANDHRA PRADESH,040-66515151,4023757677,hyd@hotelgreenpark.com,hotelgreenpark.com,4 Star,149,"""(A Division of Diana Hotels Ltd.)7-1-26, Greenlands, Begumpet, Hyderabad - 500016, ANDHRA PRADESH"""
Hotel Raj Mahal,ASSAM,0361-2549141,0361-2639282,info@hotelrajmahal.in/hotelrajmahal@vsnl.net,www.hotelrajmahal.in,4 Star,71,"""A.T. RoadPaltan Bazar, Guwahati - 781001, ASSAM"""
Hotel Natraj,ASSAM,0373-2327275,0373-2321375,hotelnatraj09@gmail.com,NA,4 Star,20,"""H.S. Road, Dibrugarh - 786001, ASSAM"""
Hotel The Royal Plaza,DELHI,1143555555,1143555556,reservations@hoteltheroyalplaza.com/info@hoteltheroyalplaza.com,www.hoteltheroyalplaza.com,4 Star,419,"""(A Unit of Hotel Queen Road Pvt. Ltd.)19, Ashoka Road, New Delhi-110001, DELHI"""
Hotel City Park,DELHI,1125468230,1127310110,hotelcitypark@vsnl.net,NA,4 Star,58,"""3/4, K/P BLOCK PITAMPURA, New Delhi, DELHI"""
Hotel Diplomat,DELHI,1123010204,1123018605,,NA,4 Star,25,"""9, Sardar Patel MargDiplomatic Enclave, New Delhi, DELHI"""
Maidens Hotel,DELHI,011-23975464,011-23980771,reservations@oberoigroup.com,www.maidenshotel.com,4 Star,55,"""7Sham Nath Marg, New Delhi - 110054, DELHI"""
The Connaught,DELHI,011-23364225,011-23340757,theconnaughtnewdelhi@yahoo.com,www.theconnaughtnewdelhi.com,4 Star,79,"""37Shaheed Bhagat Singh Marg, New Delhi - 110001, DELHI"""
Hotel Vikram,DELHI,1146515151,1146515152,info@hotelvikram.com,NA,4 Star,68,"""Ring Road, Lajpat Nagar, New Delhi, DELHI"""
Lazylagoon Sarovar Portico Suites,GOA,0832-2281520,0832-2281527,gmgpo@sarovarhotels.com,www.sarovarhotels.com,4 Star,39,"""(Unit of Aqua Resorts & Spa Pvt. Ltd.)Baga - Arpora, Bardez - 403518, GOA"""
Sun Village Resort,GOA,8322279409,8322279415,sun-village@desouzahotels.com,NA,4 Star,135,"""SaquawadiBaga-Arpora Bardez, GOA"""
WHISPERING PALMS BEACH RESORT,GOA,4712485766,4712481578,info@whisperingpalms.com,NA,4 Star,197,"""SINQUERIM BEACH, WADDICANDOLIM, BARDEZ-GOA, GOA"""
The Metropole Hotel,GUJARAT,079-30130200,079-30130208,info@themetropolehotel.co.in,www.themetropolehotel.co.in,4 Star,70,"""(Unit of Majestic Projects Pvt. Ltd.)Near R.T.O. Circle, Subhash Bridge Corner, Ahmedabad - 380027, """
Hotel Fortune Palace,GUJARAT,0288-2720291,0288-2720296,hotelfortunepalace@yahoo.com,www.hotelfortunepalace.in,4 Star,45,"""Near Digjam CircleAirport Road, Jamnagar - 361 008, GUJARAT"""
Fortune Inn Haveli,GUJARAT,7939884422,7939842121,haveli@fortunehotels.in,www.fortunehotels.in,4 Star,84,"""Plot No. 235,Sector - 11, Gandhinagar, GUJARAT"""
Hotel The Grand Bhagwati,GUJARAT,7926841000,7926840915,info@thegrandbhagwati.com,www.thegrandbhagwati.com,4 Star,37,"""Opp. GurudwaraBodakdev, S.G. Highway, Ahmedabad - 380 054, GUJARAT"""
Optus Sarovar Premiere Hotel,HARYANA,0124-4887777,0124-4887788,spg@sarovarhotels.com,www.sarovarhotels.com,4 Star,80,"""SCO 43-47Sector - 28, City Centre, Gurgaon - 122002, """
Park Premier,HARYANA,0124-4604600,0124-4604666,info@parkpremierhotels.com,www.parkpremierhotels.com,4 Star,94,"""359-357Sector - 29, Gurgaon - 122 001, HARYANA"""
The Bella Vista,HARYANA,1725064848,1725023802,sales@bellavista.in,NA,4 Star,49,"""SM 8, City Centre,Sector 5, Panchkula, HARYANA"""
Fortune Select Global,HARYANA,0124-4196666,0124-4062388,global@fortunehotels.in,www.fortunehotelsin,4 Star,83,"""2nd Floor, Global ArcadeM.G. Road, Gurgaon, HARYANA"""
Courtyard By Marriott,HARYANA,0124-4888444,0124-4888222,www.courtyardmarriottgurgaon.com,NA,4 Star,198,"""Plot No. 27 BSector Road, Sushant Lok - 1, Sector - 27, Gurgaon - 122 002, HARYANA"""
Fortune Park J.P.Celestial,KARNATAKA,8040441234,8041476060,jpcelestial@fortunehotels.in,www.fortunehotels.in,4 Star,130,"""No 5/43, Seshadri RoadNear Race Course Road, Bangalore-09, KARNATAKA"""
The Gatwway Hotel - Chikmagalur,KARNATAKA,08262-660660-61,08262-660666,gateway.chikmagalur@tajhotels.com,www.thegatewayhotels.com,4 Star,29,"""KM RoadJyothi Nagar, Chikmagalur - 577102, KARNATAKA"""
Raj Residency,KERALA,4672208444,4672217294,rajgrouphotels@gmail.com,rajgrouphotels.com,4 Star,198,"""Near New bus standAlamipally, Kanhangad, KERALA"""
Hotel Maurya Rajadhani,KERALA,4712472299,4712472299,maurya@rajadhanihotels.com,NA,4 Star,39,"""Stat GL,Hospital Road Statue, Trivandrum, KERALA"""
Keys Hotels,KERALA,4713944100,4713983800,reservations.thiruvananthapuram@keyshotels.com,keyshotels.com,4 Star,101,"""Sy. No. 2863/1Opp. Fire & Rescue Services Housing Board junction, Trivandrum, KERALA"""
Hotel Blue Nile,KERALA,"0497-2760077, 276478",0497-2768844,mail@hotelbluenile.com,www.hotelbluenile.com,4 Star,39,"""S.N. Park Road, Kannur - 670 001, KERALA"""
Hotel Amruthaa International,KERALA,0484-2398222-4192222,0484-4050551,amruthaainternational@gmail.com,NA,4 Star,26,"""No. CC 41/2884St. Benedict Road, Ernakulam, Kochi - 682 018, KERALA"""
Fragrant Nature Retreat and Resort Pvt. Ltd.,KERALA,4742514000,4742518021,enquiries@fragrantnature.com,www.fragrantnature.com,4 Star,18,"""Building No. CPI/07-20A,Nedungolam P.O., Paravur, Kollam, KERALA"""
Hotel Presidency,KERALA,4842394300,4842393222,presid@vsnl.com,NA,4 Star,49,"""Paramara Road Ernakulam Town, Kochi, KERALA"""
Hotel Raj Regency,KERALA,4884226877,4884666977,rajregencypnr@gmail.com,NA,4 Star,10,"""Chelakkara road,Pazhayannur, Thrissur, KERALA"""
ATS Residency,KERALA,4912537477,4912523182,info@atshotels.com,atsresidency.com,4 Star,20,"""Yakkara Branch RoadNear D.P Office, Palakkad, KERALA"""
The Royale Gardens,KERALA,0479-2404000,0479-2404999,info@theroyalegardens.com,www.theroyalegardens.com,4 Star,34,"""Nangiarkulangara P.O.Haripad - Alleppey District, Kerala - 690513, KERALA"""
Hotel Srivatsa Regency,KERALA,4923251119,4923254119,hotelsrivatsaregency@gmail.com,www.hotelsrivatsaregency.com,4 Star,12,"""Pittupeedika, Main Road,Koduvayur, Palakkad, KERALA"""
Hotel Hills Park,KERALA,4682226262,NA,hotelhillspark@gmail.com,NA,4 Star,15,"""Kumbazha Road,Pathanamthitta,District, Kerala, KERALA"""
Neelamabari Suite,KERALA,4852555123,4852555133,infor@neelabarisuite.com,neelabarisuite.com,4 Star,22,"""Villanchira,Thalakkodu P.O.Neriyamangalam, Ernakulam, KERALA"""
Excalibur Hotels & Resorts,KERALA,4812791781,4812711784,hotel.excalibur@gmail.com,www.excalibur.in,4 Star,20,"""Carithas Junction,MC Road,Thellakon, Kottayam, KERALA"""
Raj Residency,KERALA,4672208444,4672217294,rajgrouphotels@gmail.com,rajgrouphotels.com,4 Star,198,"""Near New bus standAlamipally, Kanhangad, KERALA"""
Muthoot Cardamom County Resort,KERALA,04869-224501,04869-222869/222807,reservations@muthoothotels.com,www.raxacollective.com,4 Star,44,"""Kumily (PO)Thekkady, Idukki (Dist.) - 685536, KERALA"""
Hotel White Dammar International,KERALA,4712496601,4712496602,whitedammar@gmail.com,hotelwhitedammar@gmail.com,4 Star,12,"""Pappanamcode, Trivandrum - 695 018, KERALA"""
Hotel SP Grand Days,KERALA,0471-2333344,0471-2321000,mail@spgranddays.com,www.spgranddays.com,4 Star,69,"""Panavila JnThycaud P.O., Thiruvananthapuram - 695014, KERALA"""
Hotel Peninsula Park Residency,KERALA,4734243435,4734243345,parkresidency.park@gmail.com,NA,4 Star,20,"""Motel and Resorts Pvt. Ltd.Parakode, Adoor, Pathanamthitta Dist., KERALA"""
Hotel Indraprastha,KERALA,"04752039600,2397888-",4752397889,indraprasthapattazhi@yahoo.com,NA,4 Star,14,"""Pattazhi P.O.Pathanapuram, Kollam Dist.-691522, KERALA"""
Hotel Mangala Towers,KERALA,04872327461/2/3,4872325365,mangalatowers@gmail.com,www.hotelmangalatowers.com,4 Star,24,"""Paliyam RoadNear Bus Stand, Thrissur - 680001, KERALA"""
Hotel Soorya Regency,KERALA,0483-2735674-76,0483-2735677,sooryaregency@gmail.com,www.sooryaregency.com,4 Star,13,"""Calicut By-Pass RoadKavungal, Malappuram - 676505, KERALA"""
Hotel Moonlit Regency,KERALA,04862-229936/229937,04862-229938,info@moonlitregency.com/hotelmoonlit@ymail.com,NA,4 Star,22,"""4, Lane JunctionVengallor Muvatupuzha Road, Thodupuzha Idukki District-685584, KERALA"""
Hotel Sky Pearl,KERALA,0479-5265060,0479-2786443,hotelskypearl@gmail.com,NA,4 Star,28,"""Chovva, Kannur - 670006, KERALA"""
The Royal Fort,KERALA,0474-2520001-02-03,0474-2520004,info@theroyalfort.com,www.theroyalfort.com,4 Star,12,"""Hospital JunctionKundara P.O., Kollam Dist. - 691501, KERALA"""
Hotel Soorya Galaxy,KERALA,0495-2485150/2485240,0495-2455330,sooryagalaxy@gmail.com,NA,4 Star,12,"""(A Unit of Sreebala Divelopers & Hotel Pvt. Ltd.)13/158 A, Calicut Road, Cheruvannur, P.O. Feroke, Calicut - 673731, KERALA"""
Cochin Seaport Hotel,KERALA,9846032737,0484-2503757,seaporthotels@gmail.com,www.cochinseaporthotel.com,4 Star,25,"""Thekken MalipuramVypin, Cochin - 682 508, KERALA"""
The Avenue Regent,KERALA,4842377977,484237529,avenueregent@avenuehotels.in,NA,4 Star,55,"""39/2026,M.G. Road, Kochi, KERALA"""
Spice Village,KERALA,04869-224514,04869-222317,spicevillage@cghearth.com,www.cghearth.com,4 Star,52,"""Thekkady - Kumily Road, Thekkady - 685536, KERALA"""
Hotel Midhila Regency,KERALA,NA,NA,maltidutta50@yahoo.com,NA,4 Star,10,"""Midhila Regncy Cherplassery Hotels Pvt.Ltd.Pattambi road, Cherpulassery Palakkad Dist., kerala, KERALA"""
Hotel Soorya Swagat,KERALA,4912863100,4912863103,www.sooryaswagath.in,NA,4 Star,14,"""Pudussery EastPalakkad, Walayar, KERALA"""
The Hotel Elegance,KERALA,4602247400,460247400,maltidutta50@yahoo.com,NA,4 Star,13,"""Karuvanchal POThalimapram, Kannur, KERALA"""
K R Grand Residency,KERALA,4885211563,NA,maltidutta50@yahoo.com,NA,4 Star,14,"""Parayil Market RoadKunnamkulam, Thrissur, KERALA"""
Hotel Dona Castle,KERALA,4742766669,4742760099,donacastle@gmail.com,www.hoteldonacastle.com,4 Star,31,"""(Unit of Sunny Jacob Builders & Developers Pvt. Ltd.)Kottamukku, Kollam, KERALA"""
Hotel Fairmont,KERALA,4812569256,4812569246,info@hotelfairmont.in,www.hotelfairmont.in,4 Star,30,"""S.H. Mount,M.C. Road, Kottayam, KERALA"""
Hotel Anandha Inn Pvt. Ltd.,KERALA,4132233000,4132331241,checkin@anandhainn.com,www.anandhainn.com,4 Star,70,"""NO-154S.V PATEL ROAD, PONDICHERRY, KERALA"""
Niya Regency,KERALA,4872363667,4872363667,niyaregency@gmail.com,www.niyaregency.com,4 Star,20,"""Elthuruth Junction,Chettupuzha P.O., Thrissur, KERALA"""
The South Park,KERALA,"0471-2333333, 324233",0471-2331861,reservations@thesouthpark.com,www.thesouthpark.com,4 Star,82,"""(Unit of Kerala Hotels Pvt. Ltd.)M.G. Road, Trivandrum - 695 034, KERALA"""
Uday Samudra Leisure Beach Hotel,KERALA,1246563228,1246563174,toshali@nde.vsnal.net.in,www.toshalinet.com,4 Star,50,"""G.V.Raja Road,Samudra Beach Kovalam, Trivandrum, KERALA"""
SEASONS SERVICE APARTMENTS,MAHARASHTRA,2040009999,2040009888,info@seasonsaundh.com,NA,4 Star,46,"""S. NO-128/2/3/6/7/2/2/128/A1,SANEWADI AUNDH, PUNE, Malad, MAHARASHTRA"""
HOTEL BAWA INTERNATIONAL,MAHARASHTRA,2226113636,2226107096,mail.bawaintl@vsnl.com,NA,4 Star,76,"""NEHRU ROAD EXTN.NEAR DOMESTIC AIRPORT VILE PARLE (E), Mumbai, MAHARASHTRA"""
Hotel Courtyard By Marriott,MAHARASHTRA,2261479922,2261479944,reservations.mumbai@courtyard.com,NA,4 Star,282,"""International Airport,CTS No. 215, Andheri Kurla Road, Andheri (East), Mumbai, MAHARASHTRA"""
Hotel Midtown Pritam,MAHARASHTRA,022-24145555/6580663,022-24143388,reservations@pritamhotels.com,www.pritamhotels.com,4 Star,60,"""DharamputraPritam Estate Dr.Ambedkar Road, Dadar T.T, Mumbai-400014, MAHARASHTRA"""
Hotel Trident,MAHARASHTRA,2266727777,2266727788,reservations@tridenthotels.com,tridenthotels.com,4 Star,436,"""C-56, G-Block,Bandra Kurla Complex, Mumbai, MAHARASHTRA"""
Hotel Tunga Regale,MAHARASHTRA,022-66726672,022-66726666,regale@tungahotels.com,www.tungahotels.com,4 Star,54,"""Plot No. 31, Phase IIMIDC, Central Road, Andheri (East), Mumbai - 400093, MAHARASHTRA"""
Ramee Guestline Hotel,MAHARASHTRA,022-24177900/2411565,022-24127503,mumbai.dadar@rameeguestlinehotels.com,www.ramee-group.com,4 Star,58,"""Plot No. 3Kohinoor Road, Dadar (East), Mumbai - 400014, MAHARASHTRA"""
"K. Raheja Corp. Pvt. Ltd. ""The Resort""",MAHARASHTRA,022-28447777,022-28804444 - 28818,resv@theresortmumbai.com/the_resort@vsnl.com,NA,4 Star,94,"""11,Aksa Beach,Malad (West), Mumbai - 400 095, MAHARASHTRA"""
Hotel Sagar Plaza,MAHARASHTRA,020-26205000,020-26122633,reservations@hotelsagarplaza.com/info@hotelsagarplaza.com,www.hotelsagarplaza.com,4 Star,76,"""1Bund Garden Road, Pune - 411001, MAHARASHTRA"""
The Central Park Hotel,MAHARASHTRA,022-66641000,022-66641010,reservations@thecentralparkhotel.com,www.thecentralparkhotel.com,4 Star,74,"""Bund Garden RoadNear Council Hall, Pune - 411 001, MAHARASHTRA"""
Holiday Inn Mumbai International Airport,MAHARASHTRA,2240851800,2240851828,maltidutta50@yahoo.com,NA,4 Star,225,"""721/1,721/A,721/B of Mohali VillageAndhri Kurla Road, Sakinaka junction, Mumbai, MAHARASHTRA"""
The Emerald,MAHARASHTRA,022-67144000,022-67144005,info@theemerald.com,www.theemerald.com,4 Star,56,"""(Hotel & Executive Apartment)Mumbai Next to Juhu Tara Road, Opp. Hotel Sea Princess, B.R. Chopra's Bungalow, Santacruz (West), Mumbai-400049, MAHARASHTRA"""
Hotel Polo Tower,MEGHALAYA,0364-2222341-42,0364-2220090,hptfo@rediffmail.com,www.hotelpolotowers.com,4 Star,50,"""Oakland RoadPolo Grounds, Shillong - 793001, MEGHALAYA"""
M.K.HOTEL,PUNJAB,1832504610,1832507910,MKHOTEL123@SANCHARNET.IN,www.mkhotel.com,4 Star,75,"""DISTRICT SHOPPING CENTRE,RANJIT AVENUE, Amritsar, PUNJAB"""
THE MAYA HOTEL (Maya Inns Ltd.),PUNJAB,0181 4688700/22,1812452301,mayajal@mayahotels.in,http://www.mayahotels.in,4 Star,53,"""JALANDHAR CITYEH-178,CIVIL LINES,NEAR BMC CROSSIN, JALANDHAR CITY-144001, PUNJAB"""
Hotel Ritz Plaza,PUNJAB,0183-2562836-39,0183-2226657,ritzhotel@vsnl.com/info@ritzhotel.in,www.titzhotel.in,4 Star,41,"""45The Mall, Amritsar - 143001, PUNJAB"""
"Country In & Suites, Ajmer",RAJASTHAN,1456623456,1456623466,maltidutta50@yahoo.com,NA,4 Star,71,"""Ansal's Sushant City, Village Gegalkishangarh-Ajmer Road, Ajmer, RAJASTHAN"""
The Royal Plaza,SIKKIM,03592-280232,03592-281112,trp@sarovarhotels.com,www.theroyalplazahotel.com,4 Star,58,"""Shyari - GangtokEast sikkim, Gangtok -737102, SIKKIM"""
The Residency Towers,TAMIL NADU,044-28156363,044-28156969,restowers@vsnl.net,www.theresidency.com,4 Star,174,"""Sir Thyagaraya RoadT. Nagar, Chennai - 600 017, TAMIL NADU"""
Hotel Sangam ,TAMIL NADU,4312414700,431241779,hotelsangam@vsnl.com,www.hotelsangam.com,4 Star,76,"""Collectors Office Road , Tiruchirapalli , TAMIL NADU"""
Quality Inn Sabari,TAMIL NADU,4428343030,4428345868,sabariinn@sabarihotels.com,NA,4 Star,72,"""29,Thirumalai Pillai RoadT. Nagar, Chennai, TAMIL NADU"""
The Savera Hotel,TAMIL NADU,044 -28114700,044 -28113475,hotsave@md2.vsnl.net.in,www.saverahotel.com,4 Star,230,"""No. 146, Dr. Radhakrishnan SalaiMylapore, Chennai - 600 004, TAMIL NADU"""
Hotel Raj Park (P) Ltd.,TAMIL NADU,044-42257777,044-24990749,reservation@rajparkchennai.com,www.rajpark.com,4 Star,89,"""180, T.T.K. Road Alwarpet,Chennai - 600018, TAMIL NADU"""
Fortune Inn Grazia,UTTAR PRADESH,1203988444,1203380144,gm.roc.nm@royalorchidhotels.com,royalorchidhotels.com,4 Star,42,"""(Unit of Angel Baby Products Pvt. Ltd) Plot NO.1 A, Block - 1Sector - 27 Noida, UTTAR PRADESH"""
Country Inn & Suites by Carlson - Haridwar,UTTARAKHAND,0135-2485900,0135-2485901,reservations@cisharidwar.com,NA,4 Star,56,"""( Unit of Sens Udyog Pvt. Ltd.)Haripurkalan, Raiwala, Motichur, Haridwar - Rishikesh Highway, Haridwar, Dist. Dehradun - 249205, UTTARAKHAND"""
The Peerless Inn,WEST BENGAL,033-44003900,033-22281270,pik@sarovarhotels.com,www.peerlesshotels.com,4 Star,122,"""12J. L. Nehru Road, Kolkata - 700 013, WEST BENGAL"""